xmodel,playermodel_vcfox_spiderman
xmodel,ratchet
xmodel,deadpool
xmodel,plr_john_cena
xmodel,plr_terry_ironman
xmodel,plr_terry_hulk
xmodel,plr_terry_motoko
xmodel,plr_terry_naruto
xmodel,plr_terry_laracroft
xmodel,plr_terry_purpleheart
xmodel,plr_terry_blackpanther
xmodel,plr_terry_lynx
xmodel,plr_terry_maven
xmodel,plr_terry_malice
xmodel,plr_terry_hitler
xmodel,plr_terry_police
xmodel,plr_terry_johnwick
xmodel,plr_terry_thanos
xmodel,plr_terry_ursegor
xmodel,plr_terry_helldemon
xmodel,plr_terry_scififemale
xmodel,plr_terry_dragonwarrior